Ticker,Sector,MarketCap,PE_Fwd,Growth,ROE,Margin,D_E,Ebitda_G
ADYEN.AS,Technology,27349368832,18.512354,0.189,0.21271,0.43555,6.928,0.129
UBER,Technology,139220910080,15.443562,0.122,0.3716,0.17345,51.872,0.855
ADP,Technology,103738654720,19.539587,0.068,0.72239,0.20109,91.436,0.098
DSY.PA,Technology,27687116800,14.966402,0.022,0.15088001,0.2133,36.229,0.318
UNH,Healthcare,339138248704,16.710608,0.004,0.14152999,0.03135,69.211,0.615
TEM,Healthcare,15351389184,-10477.832,0.216,-0.67442,-0.17767,324.58,
OSCR,Healthcare,9151324160,13.691925,0.704,0.34257,0.03595,23.458,
HIMS,Healthcare,6714760192,39.036434,0.382,-0.32033002,-0.05509,477.128,
DECK,Consumer Cyclical,10671210496,9.411912,0.057,0.42558,0.18361,20.521,0.011
ADBE,Technology,91826470912,8.347763,0.129,0.61902,0.28048,57.693,0.105
ACN,Technology,106765533184,11.897723,0.056,0.24406,0.10656,25.035,0.09
DLO,Technology,4066799104,12.083271,0.558,0.41294,0.15043001,12.464,0.286
FDS,Financial Services,9519830016,13.570171,0.064,0.27032,0.2321,77.284,-0.096
WKL.AS,Industrials,15010056192,10.911026,-0.006,1.46141,0.21864,590.213,0.089
LULU,Consumer Cyclical,11135214592,11.632843,-0.043,0.30898002,0.12782,44.689,-0.059
NVO,Healthcare,170973741056,11.536388,0.021,0.59815,0.35347,63.327,-0.206
GEV,Industrials,252955656192,37.800632,0.219,0.82577,0.23035,28.364,0.328
BE,Industrials,77422403584,53.334442,1.655,0.22213,0.07868,171.578,
VRT,Industrials,93952507904,26.751848,0.241,0.43943,0.15088001,70.166,0.53
CEG,Utilities,92272271360,19.551567,0.23,0.15055001,0.110810004,76.419,-0.468
NEE,Utilities,157442342912,17.18177,0.124,0.11677,0.32401,161.676,0.531
SRE,Utilities,50278395904,13.888562,-0.001,0.06679,0.16824,84.663,0.713
VST,Utilities,46324371456,13.315184,-0.055,0.42962003,0.1155,373.28,-0.062
V,Financial Services,690378637312,24.508974,0.144,0.6119,0.50782,67.821,0.102
MA,Financial Services,497801396224,24.680334,0.141,2.41202,0.46339,439.583,0.221
MCO,Financial Services,79677112320,24.31179,0.151,0.76932,0.34252,240.682,0.567
SPGI,Financial Services,116717223936,19.58134,0.104,0.14255,0.30536,42.98,0.177
ISRG,Healthcare,148610154496,34.304066,0.185,0.17423001,0.28445998,,0.265
AXON,Industrials,34505592832,40.249714,0.353,0.06221,0.06191,50.363,-0.182
ABNB,Consumer Cyclical,93458464768,25.22762,0.165,0.34542,0.2045,32.004,0.334
ANET,Technology,258450161664,39.50326,0.377,0.31476,0.38371,,0.357
BSX,Healthcare,63925518336,12.925742,0.075,0.15338999,0.17499,50.151,0.151
TTD,Communication Services,5834291712,12.225327,0.03,0.15441,0.13608,16.863,-0.236
NOW,Technology,135901159424,26.26106,0.24,0.14244,0.11336,67.538,-0.219
CRM,Technology,187043217408,14.198394,0.108,0.19381,0.2199,110.417,1.189
SCHW,Financial Services,169993699328,12.553557,0.209,0.20273,0.38793,151.106,0.426
BLK,Financial Services,174052622336,16.663635,0.306,0.122779995,0.24089001,23.192,0.196
GS,Financial Services,266794532864,12.461472,0.425,0.16902,0.31039,725.381,0.923
XOM,Energy,668267970560,14.673167,0.441,0.12584,0.09072,15.921,1.128
CVX,Energy,404816068608,15.208079,0.535,0.12231,0.09834,18.959,3.219
CAT,Industrials,376910413824,25.324812,0.24,0.56972003,0.14511,232.783,0.682
DE,Industrials,185930989568,30.188282,0.049,0.18242,0.10168,230.298,0.074
FIX,Industrials,58362757120,27.556364,0.503,0.55292,0.12775,11.498,0.919
ETN,Industrials,167516504064,26.766342,0.214,0.19684,0.12752,105.059,-0.159
HON,Industrials,67039150080,21.2818,0.043,0.46577,0.21581,185.369,2.639
WM,Industrials,82517204992,22.644955,0.04,0.29841,0.11115,235.301,0.083
SMCI,Technology,27026354176,7.8446536,0.932,0.21465999,0.0571,63.951,4.347
ALAB,Technology,60947050496,54.948166,1.045,0.25826,0.30742002,2.574,1.862
CORT,Healthcare,12499418112,26.264622,0.317,0.08226,0.066420004,1.335,0.241
ONTO,Technology,17648781312,24.704983,0.353,0.06825,0.11838,76.547,0.754
AX,Financial Services,4976710656,8.107209,0.181,0.16773,0.35549998,,0.124
VIV,Communication Services,18039197696,10.888186,0.076,0.09872,0.10682,30.209,0.185
GHM,Industrials,1023821440,38.512142,0.286,0.074889995,0.045250002,3.534,-0.214
SLAB,Technology,7375054848,50.68112,0.183,-0.03628,-0.045689996,,
LSCC,Technology,17581154304,38.60435,0.622,0.04927,0.05579,4.836,6.0
LASR,Technology,2281647104,62.77778,0.338,-0.03805,-0.040159997,3.374,
SITM,Technology,19746146304,44.008034,1.265,0.013259999,0.03012,129.419,
MCHP,Technology,42338390016,17.010832,0.38,0.0719,0.0934,83.688,
MRVL,Technology,226383691776,37.21305,0.365,0.16523,0.27934998,28.525,0.5
BAM,Financial Services,71077691392,20.537008,0.608,0.26771,0.48893002,34.454,0.474
DHR,Healthcare,159809814528,24.447136,0.055,0.07605,0.15948,52.97,0.597
QSR,Consumer Cyclical,32722866176,16.118988,0.046,0.34792998,0.13125,290.102,1.512
BABA,Consumer Cyclical,270417412096,11.839417,0.086,0.0636,0.07039,23.928,-0.794
GE,Industrials,330193862656,35.070045,0.211,0.48231998,0.17716,113.225,0.194
CPNG,Consumer Cyclical,24682133504,50.467976,0.039,-0.19995001,-0.02163,188.584,
EXPE,Consumer Cyclical,31712712704,10.799904,0.14,0.89489,0.12968001,230.271,1.887
ROK,Industrials,47886409728,28.981144,0.079,0.30629,0.13385001,103.347,0.404
ZBRA,Technology,17713428480,16.751158,0.204,0.15286,0.092180006,86.23,1.215
CGNX,Technology,9883150336,29.099285,0.169,0.111490004,0.16051,4.448,0.792
PATH,Technology,6352884224,13.236476,0.134,0.20027,0.21031,4.093,22.808
PEGA,Technology,5463176192,12.724439,0.094,0.54693,0.18662001,12.851,-0.529
MDT,Healthcare,114482847744,13.97071,0.137,0.106479995,0.13934,55.365,0.407
PRCT,Healthcare,987970624,-14.960841,0.193,-0.30241,-0.32535,22.789,
OMCL,Healthcare,1544976128,16.205742,0.075,0.03059,0.03135,15.484,3.333
SYK,Healthcare,105601499136,16.464127,0.094,0.16508,0.14433,64.391,0.441
TER,Technology,62739542016,34.43905,1.039,0.36465,0.25766,2.883,3.858
LECO,Industrials,14780870656,21.650059,0.12,0.37736,0.12353,77.347,0.125
OII,Energy,4562439168,19.761261,0.1,0.34570998,0.121879995,70.343,0.204
PTC,Technology,15157239808,15.643268,-0.068,0.35053003,0.41429,46.335,-0.12
QCOM,Technology,200239972352,18.42164,-0.04,0.33754003,0.21013,55.21,-0.23
AVAV,Industrials,7482332160,33.03076,0.057,-0.04597,-0.10127,19.354,
TDY,Technology,28299227136,22.82041,0.098,0.09154,0.15292,18.565,0.212
KTOS,Industrials,8264005632,40.019615,0.305,0.011469999,0.020299999,5.65,0.074
NOC,Industrials,71855472640,16.601738,0.051,0.26958,0.104820006,95.348,-0.058
GD,Industrials,90409385984,17.977848,0.081,0.17803,0.08179,35.335,0.134
RTX,Industrials,252920283136,23.9015,0.145,0.12274,0.08276,57.02,0.287
LHX,Industrials,44263215104,17.556261,0.084,0.0934,0.08172,52.753,0.283
APP,Communication Services,103152672768,14.691535,0.528,2.03686,0.64575994,111.13,0.57
IREN,Financial Services,16440127488,-10.475464,-0.267,-0.23409,-0.9938,187.297,
AMAT,Technology,386291499008,26.369062,0.248,0.41068,0.30052,28.666,0.428
KLAC,Technology,246868066304,28.211632,0.152,0.87496,0.35574,96.88,0.138
RMBS,Technology,11042947072,27.442392,0.204,0.17789,0.3169,1.487,0.151
SIMO,Technology,9428862976,17.518715,1.27,0.31569,0.2206,6.924,7.338
ARM,Technology,302596030464,92.75033,0.224,0.13352999,0.20247999,5.62,1.083
SNPS,Technology,80029376512,23.602865,0.424,0.03661,0.11432999,34.804,0.893
CRDO,Technology,36212695040,19.852919,1.147,0.30674,0.33833,0.96,0.971
GLW,Technology,130312495104,34.734646,0.166,0.16813,0.111999996,71.448,0.185
AMKR,Technology,13181859840,18.949883,0.256,0.12514,0.07448,57.054,2.182
PWR,Industrials,96875266048,32.586323,0.411,0.15337,0.04032,67.78,0.947
CCJ,Energy,37908791296,46.823334,-0.072,0.051149998,0.102139995,17.131,-0.921
BWXT,Industrials,12309413888,25.575863,0.18,0.28289,0.10108,151.4,0.141
UUUU,Energy,2920452352,22.742268,4.961,-0.11447,-0.77295995,85.133,
TMQ,Basic Materials,565347136,-48.595284,,-0.40537998,0.0,0.079,
UAMY,Basic Materials,637591552,40.57143,-0.247,-0.14874,-0.44596002,0.201,-0.494
MP,Basic Materials,8272818688,53.151928,1.197,-0.03585,-0.14563,41.402,
FCX,Basic Materials,103335821312,17.371405,-0.073,0.14755,0.113850005,32.149,0.281
TECK,Basic Materials,31967498240,18.345316,0.782,0.08717,0.17854,34.254,3.244
SCCO,Basic Materials,171089362944,27.8476,0.406,0.49897,0.35866,67.863,0.716
IONQ,Technology,18060947456,-34.4913,2.868,-0.60483,0.0,1.632,
RGTI,Technology,5323611136,-77.05314,1.853,-0.43765,0.0,1.433,
COIN,Financial Services,50601283584,67.645775,-0.173,-0.07847,-0.16344,50.982,
SPOT,Communication Services,102298042368,28.320988,0.139,0.44484,0.18434,5.558,
DDOG,Technology,96483459072,90.36581,0.356,0.04696,0.044770002,29.259,14.985
RXRX,Healthcare,1984203008,-4.102496,-0.601,-0.5658,0.0,7.283,
POET,Technology,1282360320,-43.588234,1.123,-0.16886,0.0,0.92,
RBLX,Communication Services,29903777792,-33.603058,0.359,-4.32275,-0.17607,1423.256,
CRCL,Financial Services,23388575744,56.140446,0.066,0.15347,0.15531999,0.454,
BMNR,Financial Services,16190596096,28.553192,21.678,-1.50905,0.0,0.011,
ACHR,Industrials,4004139264,-6.440904,,-0.44471002,0.0,6.557,
BEAM,Healthcare,2502660096,-5.110337,-0.942,-0.08184,-0.55449003,23.173,
MOH,Healthcare,9899207680,19.460196,-0.057,-0.0016,-0.00016000001,94.773,-0.753
ENB,Energy,104688779264,20.636658,0.971,0.092209995,0.07339,162.975,-0.36
TOST,Technology,17559640064,17.522306,0.231,0.25162,0.07143,,1.0
AMGN,Healthcare,226054455296,17.102152,0.095,0.91473,0.22951001,490.281,0.649
FOX,Communication Services,23845644288,9.843342,0.281,0.14291,0.09839,64.06,0.031
UTHR,Healthcare,20825147392,16.166388,-0.019,0.19315,0.41557,,0.134
GOLD,Financial Services,1249281280,11.487935,0.992,0.108,0.0032300001,96.09,0.013
JNJ,Healthcare,655371927552,22.404846,0.066,0.25742,0.21482,57.709,-0.009
HD,Consumer Cyclical,289220263936,18.090088,0.057,1.0429599,0.0841,380.261,0.046
ABBV,Healthcare,470547988480,16.368793,0.102,,0.098000005,,2.904
O,Real Estate,52373168128,35.640236,0.096,0.03225,0.20898001,74.722,0.692
BLDR,Industrials,6241670144,13.120159,-0.088,0.02506,0.0070999996,130.786,
TPL,Energy,23323787264,4.6245894,0.312,0.36566,0.60322,1.077,0.327
FICO,Technology,18161235968,15.863,0.257,,0.3405,,0.412
DPZ,Consumer Cyclical,9668798464,14.011173,0.043,,0.118640006,,0.068
URI,Industrials,64976179200,18.212801,0.118,0.28895,0.15673,166.793,0.255
BKNG,Consumer Cyclical,126979334144,13.249171,0.081,,0.25527,,1.3
MNST,Consumer Defensive,82005909504,31.974703,0.202,0.25704,0.23079,0.992,0.18
WDAY,Technology,45452603392,14.252271,0.128,0.16006,0.12319,58.39,2.06
SOFI,Financial Services,20574715904,19.33276,0.426,0.07095,0.14906,30.835,0.404
NU,Financial Services,59079319552,10.824445,0.521,0.31628,0.42728,,0.663
NVDA,Technology,5526282305536,14.593216,1.059,1.17211,0.63663,16.971,1.278
AMD,Technology,992332546048,39.02033,0.501,0.10196,0.15577,6.361,1.595
TSM,Technology,2348850348032,20.655779,0.36,0.39969003,0.49923,16.504,0.774
AVGO,Technology,1668717871104,18.036411,0.855,0.44245,0.42944,59.604,2.153
MU,Technology,1190357762048,6.542628,3.457,0.66638,0.55906,6.33,13.685
ASML,Technology,680398618624,30.068796,0.213,0.53942,0.30114,9.092,0.285
LRCX,Technology,393535422464,26.78725,0.3,0.65066004,0.31272,33.049,0.348
PANW,Technology,320729612288,80.361626,0.345,0.01739,0.02674,9.337,
CRWD,Technology,265455108096,161.43495,0.258,0.01461,0.00834,15.958,
FTNT,Technology,129375731712,46.675686,0.256,1.17442,0.28173,36.194,0.439
ZS,Technology,32511477760,35.592644,0.249,-0.02873,-0.01885,71.894,
OKTA,Technology,35345293312,46.175842,0.106,0.043130003,0.09632,0.76,0.757
SNOW,Technology,115760734208,108.86313,0.351,-0.48063,-0.20071,128.57,
PLTR,Technology,450525396992,80.70633,0.928,0.38097,0.49005002,2.139,2.154
LLY,Healthcare,1056062046208,24.92045,0.477,1.02286,0.33528998,162.071,0.262
VRTX,Healthcare,133658804224,26.261644,0.125,0.23542999,0.34997,9.767,0.08
REGN,Healthcare,77447888896,12.355539,0.167,0.14043,0.27865,8.535,-0.045
AAPL,Technology,4938670276608,35.303875,0.164,1.4875101,0.27618998,78.445,0.287
MSFT,Technology,3781236359168,21.507965,0.177,0.34039003,0.40305,29.118,0.317
GOOGL,Communication Services,4191810224128,22.741539,0.242,0.48676,0.54771,18.859,2.94
META,Communication Services,1823046369280,20.547644,0.28,0.29848,0.29834998,42.997,-0.134
AMZN,Consumer Cyclical,2655051055104,23.498806,0.196,0.30558002,0.1744,45.617,2.423
MARA,Financial Services,4678084096,-57.666668,-0.267,-1.0557,0.0,140.159,
RIOT,Financial Services,8113098752,-23.12077,0.139,-0.48243,-1.96277,40.034,
WMT,Consumer Defensive,862636277760,33.663063,0.059,0.22313999,0.03,71.653,-0.091
TGT,Consumer Defensive,71973388288,16.593437,0.053,0.26408002,0.04078,107.583,1.005
COST,Consumer Defensive,409099042816,36.926605,0.111,0.28402,0.03043,23.953,0.15
NFLX,Communication Services,288269565952,18.15526,0.134,0.49541,0.28219,55.236,0.111
TSLA,Consumer Cyclical,1411765764096,165.25659,0.255,0.046669997,0.03671,18.373,-0.03
PYPL,Financial Services,46789357568,9.382545,0.048,0.24497,0.14364,71.751,-0.031
SHOP,Technology,185289588736,58.770473,0.337,0.15543,0.1453,1.403,0.681
SE,Consumer Cyclical,60580847616,19.056519,0.481,0.14734,0.05908,31.621,0.077
